id,age,collection,clade,location,season
508659,NA,NA,c2a,NA,Season20152016
508663,NA,NA,c2a,NA,Season20152016
508690,NA,NA,c2a,NA,Season20152016
508693,NA,NA,c2a,NA,Season20152016
508696,NA,NA,c2a,NA,Season20152016
509976,NA,NA,c2a,NA,Season20152016
509978,NA,NA,c2a,NA,Season20152016
509986,NA,NA,c2a,NA,Season20152016
510914,NA,NA,c2a,NA,Season20152016
513293,NA,NA,c2a,NA,Season20152016
513301,NA,NA,c2a,NA,Season20152016
515583,NA,NA,c2a,NA,Season20152016
515595,NA,NA,c2a,NA,Season20152016
515611,NA,NA,c2a,NA,Season20152016
515617,NA,NA,c2a,NA,Season20152016
515622,NA,NA,c2a,NA,Season20152016
516678,NA,NA,c2a,NA,Season20152016
516680,NA,NA,c2a,NA,Season20152016
516682,NA,NA,c2a,NA,Season20152016
516688,NA,NA,c2a,NA,Season20152016
516700,NA,NA,c2a,NA,Season20152016
520353,NA,NA,c2a,NA,Season20152016
520356,NA,NA,c2a,NA,Season20152016
520362,NA,NA,c2a,NA,Season20152016
520399,NA,NA,c2a,NA,Season20152016
520419,NA,NA,c2a,NA,Season20152016
524305,NA,NA,c2a,NA,Season20152016
526026,NA,NA,c2a,NA,Season20152016
526029,NA,NA,c2a,NA,Season20152016
526038,NA,NA,c2a,NA,Season20152016
526041,NA,NA,c2a,NA,Season20152016
526050,NA,NA,c2a,NA,Season20152016
531696,NA,NA,c2a,NA,Season20152016
531705,NA,NA,c2a,NA,Season20152016
531708,NA,NA,c2a,NA,Season20152016
531723,NA,NA,c2a,NA,Season20152016
531729,NA,NA,c2a,NA,Season20152016
531732,NA,NA,c2a,NA,Season20152016
532100,NA,NA,c2a,NA,Season20152016
532162,NA,NA,c2a,NA,Season20152016
532165,NA,NA,c2a,NA,Season20152016
532627,NA,NA,c2a,NA,Season20152016
533465,NA,NA,c2a,NA,Season20152016
533470,NA,NA,c2a,NA,Season20152016
533477,NA,NA,c2a,NA,Season20152016
533478,NA,NA,c2a,NA,Season20152016
533479,NA,NA,c2a,NA,Season20152016
533480,NA,NA,c2a,NA,Season20152016
533481,NA,NA,c2a,NA,Season20152016
533483,NA,NA,c2a,NA,Season20152016
533484,NA,NA,c2a,NA,Season20152016
533490,NA,NA,c2a,NA,Season20152016
533493,NA,NA,c2a,NA,Season20152016
534049,NA,NA,c2a,NA,Season20152016
536380,NA,NA,c2a,NA,Season20152016
537000,NA,NA,c2a,NA,Season20152016
537030,NA,NA,c2a,NA,Season20152016
537599,NA,NA,c2a,NA,Season20152016
537604,NA,NA,c2a,NA,Season20152016
537721,NA,NA,c2a,NA,Season20152016
537722,NA,NA,c2a,NA,Season20152016
537723,NA,NA,c2a,NA,Season20152016
537724,NA,NA,c2a,NA,Season20152016
537725,NA,NA,c2a,NA,Season20152016
537728,NA,NA,c2a,NA,Season20152016
537730,NA,NA,c2a,NA,Season20152016
537731,NA,NA,c2a,NA,Season20152016
537732,NA,NA,c2a,NA,Season20152016
537733,NA,NA,c2a,NA,Season20152016
537734,NA,NA,c2a,NA,Season20152016
537735,NA,NA,c2a,NA,Season20152016
537736,NA,NA,c2a,NA,Season20152016
537745,NA,NA,c2a,NA,Season20152016
537746,NA,NA,c2a,NA,Season20152016
537747,NA,NA,c2a,NA,Season20152016
537748,NA,NA,c2a,NA,Season20152016
537749,NA,NA,c2a,NA,Season20152016
537750,NA,NA,c2a,NA,Season20152016
537751,NA,NA,c2a,NA,Season20152016
537752,NA,NA,c2a,NA,Season20152016
537753,NA,NA,c2a,NA,Season20152016
537754,NA,NA,c2a,NA,Season20152016
537755,NA,NA,c2a,NA,Season20152016
537756,NA,NA,c2a,NA,Season20152016
537757,NA,NA,c2a,NA,Season20152016
537758,NA,NA,c2a,NA,Season20152016
537759,NA,NA,c2a,NA,Season20152016
537883,NA,NA,c2a,NA,Season20152016
537886,NA,NA,c2a,NA,Season20152016
537890,NA,NA,c2a,NA,Season20152016
537891,NA,NA,c2a,NA,Season20152016
537897,NA,NA,c2a,NA,Season20152016
537899,NA,NA,c2a,NA,Season20152016
537900,NA,NA,c2a,NA,Season20152016
537901,NA,NA,c2a,NA,Season20152016
537903,NA,NA,c2a,NA,Season20152016
537904,NA,NA,c2a,NA,Season20152016
537905,NA,NA,c2a,NA,Season20152016
537906,NA,NA,c2a,NA,Season20152016
537907,NA,NA,c2a,NA,Season20152016
537909,NA,NA,c2a,NA,Season20152016
537910,NA,NA,c2a,NA,Season20152016
537911,NA,NA,c2a,NA,Season20152016
537914,NA,NA,c2a,NA,Season20152016
537915,NA,NA,c2a,NA,Season20152016
538029,NA,NA,c2a,NA,Season20152016
538475,NA,NA,c2a,NA,Season20152016
538478,NA,NA,c2a,NA,Season20152016
538482,NA,NA,c2a,NA,Season20152016
538484,NA,NA,c2a,NA,Season20152016
538485,NA,NA,c2a,NA,Season20152016
538487,NA,NA,c2a,NA,Season20152016
538488,NA,NA,c2a,NA,Season20152016
538490,NA,NA,c2a,NA,Season20152016
538492,NA,NA,c2a,NA,Season20152016
538493,NA,NA,c2a,NA,Season20152016
538494,NA,NA,c2a,NA,Season20152016
538502,NA,NA,c2a,NA,Season20152016
538505,NA,NA,c2a,NA,Season20152016
538512,NA,NA,c2a,NA,Season20152016
538519,NA,NA,c2a,NA,Season20152016
538523,NA,NA,c2a,NA,Season20152016
538527,NA,NA,c2a,NA,Season20152016
538528,NA,NA,c2a,NA,Season20152016
538529,NA,NA,c2a,NA,Season20152016
539188,NA,NA,c2a,NA,Season20152016
539189,NA,NA,c2a,NA,Season20152016
539190,NA,NA,c2a,NA,Season20152016
539191,NA,NA,c2a,NA,Season20152016
539192,NA,NA,c2a,NA,Season20152016
539194,NA,NA,c2a,NA,Season20152016
539195,NA,NA,c2a,NA,Season20152016
539198,NA,NA,c2a,NA,Season20152016
539200,NA,NA,c2a,NA,Season20152016
539201,NA,NA,c2a,NA,Season20152016
539203,NA,NA,c2a,NA,Season20152016
539204,NA,NA,c2a,NA,Season20152016
539205,NA,NA,c2a,NA,Season20152016
539206,NA,NA,c2a,NA,Season20152016
539208,NA,NA,c2a,NA,Season20152016
539209,NA,NA,c2a,NA,Season20152016
539210,NA,NA,c2a,NA,Season20152016
539574,NA,NA,c2a,NA,Season20152016
539576,NA,NA,c2a,NA,Season20152016
539580,NA,NA,c2a,NA,Season20152016
539773,NA,NA,c2a,NA,Season20152016
539806,NA,NA,c2a,NA,Season20152016
539871,NA,NA,c2a,NA,Season20152016
539998,NA,NA,c2a,NA,Season20152016
539999,NA,NA,c2a,NA,Season20152016
540005,NA,NA,c2a,NA,Season20152016
540008,NA,NA,c2a,NA,Season20152016
540010,NA,NA,c2a,NA,Season20152016
540011,NA,NA,c2a,NA,Season20152016
540017,NA,NA,c2a,NA,Season20152016
540025,NA,NA,c2a,NA,Season20152016
540028,NA,NA,c2a,NA,Season20152016
540029,NA,NA,c2a,NA,Season20152016
540031,NA,NA,c2a,NA,Season20152016
540033,NA,NA,c2a,NA,Season20152016
540035,NA,NA,c2a,NA,Season20152016
540039,NA,NA,c2a,NA,Season20152016
540052,NA,NA,c2a,NA,Season20152016
540064,NA,NA,c2a,NA,Season20152016
540068,NA,NA,c2a,NA,Season20152016
540069,NA,NA,c2a,NA,Season20152016
540788,NA,NA,c2a,NA,Season20152016
540798,NA,NA,c2a,NA,Season20152016
540801,NA,NA,c2a,NA,Season20152016
540802,NA,NA,c2a,NA,Season20152016
540803,NA,NA,c2a,NA,Season20152016
540804,NA,NA,c2a,NA,Season20152016
540811,NA,NA,c2a,NA,Season20152016
540813,NA,NA,c2a,NA,Season20152016
540814,NA,NA,c2a,NA,Season20152016
540817,NA,NA,c2a,NA,Season20152016
540818,NA,NA,c2a,NA,Season20152016
540819,NA,NA,c2a,NA,Season20152016
540820,NA,NA,c2a,NA,Season20152016
540822,NA,NA,c2a,NA,Season20152016
540823,NA,NA,c2a,NA,Season20152016
540827,NA,NA,c2a,NA,Season20152016
540840,NA,NA,c2a,NA,Season20152016
540843,NA,NA,c2a,NA,Season20152016
540848,NA,NA,c2a,NA,Season20152016
540871,NA,NA,c2a,NA,Season20152016
540872,NA,NA,c2a,NA,Season20152016
540873,NA,NA,c2a,NA,Season20152016
540884,NA,NA,c2a,NA,Season20152016
540885,NA,NA,c2a,NA,Season20152016
541083,NA,NA,c2a,NA,Season20152016
541125,NA,NA,c2a,NA,Season20152016
541128,NA,NA,c2a,NA,Season20152016
541134,NA,NA,c2a,NA,Season20152016
541151,NA,NA,c2a,NA,Season20152016
541442,NA,NA,c2a,NA,Season20152016
541569,NA,NA,c2a,NA,Season20152016
541578,NA,NA,c2a,NA,Season20152016
541607,NA,NA,c2a,NA,Season20152016
541625,NA,NA,c2a,NA,Season20152016
541636,NA,NA,c2a,NA,Season20152016
541863,NA,NA,c2a,NA,Season20152016
542216,NA,NA,c2a,NA,Season20152016
542224,NA,NA,c2a,NA,Season20152016
543084,NA,NA,c2a,NA,Season20152016
543090,NA,NA,c2a,NA,Season20152016
543094,NA,NA,c2a,NA,Season20152016
543146,NA,NA,c2a,NA,Season20152016
543681,NA,NA,c2a,NA,Season20152016
543684,NA,NA,c2a,NA,Season20152016
543705,NA,NA,c2a,NA,Season20152016
544405,NA,NA,c2a,NA,Season20152016
544445,NA,NA,c2a,NA,Season20152016
544461,NA,NA,c2a,NA,Season20152016
544468,NA,NA,c2a,NA,Season20152016
544476,NA,NA,c2a,NA,Season20152016
544484,NA,NA,c2a,NA,Season20152016
544492,NA,NA,c2a,NA,Season20152016
544500,NA,NA,c2a,NA,Season20152016
544508,NA,NA,c2a,NA,Season20152016
545263,NA,NA,c2a,NA,Season20152016
545679,NA,NA,c2a,NA,Season20152016
545686,NA,NA,c2a,NA,Season20152016
545702,NA,NA,c2a,NA,Season20152016
545757,NA,NA,c2a,NA,Season20152016
547568,NA,NA,c2a,NA,Season20152016
547580,NA,NA,c2a,NA,Season20152016
547727,NA,NA,c2a,NA,Season20152016
547774,NA,NA,c2a,NA,Season20152016
547806,NA,NA,c2a,NA,Season20152016
547814,NA,NA,c2a,NA,Season20152016
547821,NA,NA,c2a,NA,Season20152016
547949,NA,NA,c2a,NA,Season20152016
547957,NA,NA,c2a,NA,Season20152016
547969,NA,NA,c2a,NA,Season20152016
547977,NA,NA,c2a,NA,Season20152016
548033,NA,NA,c2a,NA,Season20152016
548054,NA,NA,c2a,NA,Season20152016
548133,NA,NA,c2a,NA,Season20152016
549022,NA,NA,c2a,NA,Season20152016
549053,NA,NA,c2a,NA,Season20152016
549061,NA,NA,c2a,NA,Season20152016
550983,NA,NA,c2a,NA,Season20152016
551175,NA,NA,c2a,NA,Season20152016
551562,NA,NA,c2a,NA,Season20152016
551849,NA,NA,c2a,NA,Season20152016
551860,NA,NA,c2a,NA,Season20152016
551870,NA,NA,c2a,NA,Season20152016
551880,NA,NA,c2a,NA,Season20152016
551882,NA,NA,c2a,NA,Season20152016
551890,NA,NA,c2a,NA,Season20152016
552560,NA,NA,c2a,NA,Season20152016
552568,NA,NA,c2a,NA,Season20152016
552651,NA,NA,c2a,NA,Season20152016
553513,NA,NA,c2a,NA,Season20152016
553519,NA,NA,c2a,NA,Season20152016
553594,NA,NA,c2a,NA,Season20152016
553660,NA,NA,c2a,NA,Season20152016
553672,NA,NA,c2a,NA,Season20152016
553687,NA,NA,c2a,NA,Season20152016
553802,NA,NA,c2a,NA,Season20152016
553826,NA,NA,c2a,NA,Season20152016
553858,NA,NA,c2a,NA,Season20152016
553882,NA,NA,c2a,NA,Season20152016
553919,NA,NA,c2a,NA,Season20152016
553975,NA,NA,c2a,NA,Season20152016
555069,NA,NA,c2a,NA,Season20152016
556783,NA,NA,c2a,NA,Season20152016
557344,NA,NA,c2a,NA,Season20152016
560636,NA,NA,c2a,NA,Season20152016
560755,NA,NA,c2a,NA,Season20152016
561831,NA,NA,c2a,NA,Season20152016
562034,NA,NA,c2a,NA,Season20152016
562287,NA,NA,c2a,NA,Season20152016
566932,NA,NA,c2a,NA,Season20152016
566940,NA,NA,c2a,NA,Season20152016
569326,NA,NA,c2a,NA,Season20152016
574629,NA,NA,c2a,NA,Season20152016
583988,NA,NA,c2a,NA,Season20152016
626308,NA,NA,c2a,NA,Season20152016
626549,NA,NA,c2a,NA,Season20152016
626557,NA,NA,c2a,NA,Season20152016
629944,NA,NA,c2a,NA,Season20152016
629967,NA,NA,c2a,NA,Season20152016
672408,NA,NA,c2a,NA,Season20152016
498255,NA,NA,c3a,NA,Season20152016
539369,NA,NA,c3a,NA,Season20152016
540791,NA,NA,c3a,NA,Season20152016
553374,NA,NA,c3a,NA,Season20152016
553382,NA,NA,c3a,NA,Season20152016
553390,NA,NA,c3a,NA,Season20152016
553398,NA,NA,c3a,NA,Season20152016
553406,NA,NA,c3a,NA,Season20152016
553414,NA,NA,c3a,NA,Season20152016
553422,NA,NA,c3a,NA,Season20152016
553430,NA,NA,c3a,NA,Season20152016
748172,NA,NA,c3a,NA,Season20152016
508254,NA,NA,c3a,NA,Season20152016
508257,NA,NA,c3a,NA,Season20152016
509453,NA,NA,c3a,NA,Season20152016
509971,NA,NA,c3a,NA,Season20152016
509997,NA,NA,c3a,NA,Season20152016
513297,NA,NA,c3a,NA,Season20152016
515600,NA,NA,c3a,NA,Season20152016
515774,NA,NA,c3a,NA,Season20152016
516434,NA,NA,c3a,NA,Season20152016
516690,NA,NA,c3a,NA,Season20152016
516698,NA,NA,c3a,NA,Season20152016
517095,NA,NA,c3a,NA,Season20152016
520350,NA,NA,c3a,NA,Season20152016
520371,NA,NA,c3a,NA,Season20152016
520379,NA,NA,c3a,NA,Season20152016
520381,NA,NA,c3a,NA,Season20152016
520383,NA,NA,c3a,NA,Season20152016
520385,NA,NA,c3a,NA,Season20152016
520402,NA,NA,c3a,NA,Season20152016
520404,NA,NA,c3a,NA,Season20152016
520424,NA,NA,c3a,NA,Season20152016
521878,NA,NA,c3a,NA,Season20152016
521894,NA,NA,c3a,NA,Season20152016
521900,NA,NA,c3a,NA,Season20152016
521904,NA,NA,c3a,NA,Season20152016
521907,NA,NA,c3a,NA,Season20152016
526020,NA,NA,c3a,NA,Season20152016
526044,NA,NA,c3a,NA,Season20152016
530647,NA,NA,c3a,NA,Season20152016
531702,NA,NA,c3a,NA,Season20152016
531713,NA,NA,c3a,NA,Season20152016
531747,NA,NA,c3a,NA,Season20152016
532143,NA,NA,c3a,NA,Season20152016
532144,NA,NA,c3a,NA,Season20152016
532146,NA,NA,c3a,NA,Season20152016
532147,NA,NA,c3a,NA,Season20152016
532149,NA,NA,c3a,NA,Season20152016
532150,NA,NA,c3a,NA,Season20152016
532151,NA,NA,c3a,NA,Season20152016
532152,NA,NA,c3a,NA,Season20152016
532153,NA,NA,c3a,NA,Season20152016
532154,NA,NA,c3a,NA,Season20152016
532155,NA,NA,c3a,NA,Season20152016
532157,NA,NA,c3a,NA,Season20152016
532626,NA,NA,c3a,NA,Season20152016
532631,NA,NA,c3a,NA,Season20152016
533462,NA,NA,c3a,NA,Season20152016
533466,NA,NA,c3a,NA,Season20152016
533467,NA,NA,c3a,NA,Season20152016
533482,NA,NA,c3a,NA,Season20152016
533505,NA,NA,c3a,NA,Season20152016
534047,NA,NA,c3a,NA,Season20152016
534078,NA,NA,c3a,NA,Season20152016
536211,NA,NA,c3a,NA,Season20152016
536213,NA,NA,c3a,NA,Season20152016
537022,NA,NA,c3a,NA,Season20152016
537038,NA,NA,c3a,NA,Season20152016
537072,NA,NA,c3a,NA,Season20152016
537073,NA,NA,c3a,NA,Season20152016
537075,NA,NA,c3a,NA,Season20152016
537078,NA,NA,c3a,NA,Season20152016
537079,NA,NA,c3a,NA,Season20152016
537081,NA,NA,c3a,NA,Season20152016
537083,NA,NA,c3a,NA,Season20152016
537105,NA,NA,c3a,NA,Season20152016
537109,NA,NA,c3a,NA,Season20152016
537112,NA,NA,c3a,NA,Season20152016
537117,NA,NA,c3a,NA,Season20152016
537119,NA,NA,c3a,NA,Season20152016
537122,NA,NA,c3a,NA,Season20152016
537124,NA,NA,c3a,NA,Season20152016
537126,NA,NA,c3a,NA,Season20152016
537129,NA,NA,c3a,NA,Season20152016
537587,NA,NA,c3a,NA,Season20152016
537590,NA,NA,c3a,NA,Season20152016
537707,NA,NA,c3a,NA,Season20152016
537845,NA,NA,c3a,NA,Season20152016
537848,NA,NA,c3a,NA,Season20152016
537864,NA,NA,c3a,NA,Season20152016
537869,NA,NA,c3a,NA,Season20152016
537893,NA,NA,c3a,NA,Season20152016
537896,NA,NA,c3a,NA,Season20152016
537898,NA,NA,c3a,NA,Season20152016
537977,NA,NA,c3a,NA,Season20152016
537985,NA,NA,c3a,NA,Season20152016
538014,NA,NA,c3a,NA,Season20152016
538211,NA,NA,c3a,NA,Season20152016
538483,NA,NA,c3a,NA,Season20152016
538506,NA,NA,c3a,NA,Season20152016
538510,NA,NA,c3a,NA,Season20152016
539175,NA,NA,c3a,NA,Season20152016
539176,NA,NA,c3a,NA,Season20152016
539179,NA,NA,c3a,NA,Season20152016
539182,NA,NA,c3a,NA,Season20152016
539183,NA,NA,c3a,NA,Season20152016
539373,NA,NA,c3a,NA,Season20152016
539375,NA,NA,c3a,NA,Season20152016
539689,NA,NA,c3a,NA,Season20152016
539691,NA,NA,c3a,NA,Season20152016
539694,NA,NA,c3a,NA,Season20152016
539696,NA,NA,c3a,NA,Season20152016
539793,NA,NA,c3a,NA,Season20152016
539794,NA,NA,c3a,NA,Season20152016
539796,NA,NA,c3a,NA,Season20152016
539798,NA,NA,c3a,NA,Season20152016
539799,NA,NA,c3a,NA,Season20152016
539800,NA,NA,c3a,NA,Season20152016
539993,NA,NA,c3a,NA,Season20152016
539994,NA,NA,c3a,NA,Season20152016
539995,NA,NA,c3a,NA,Season20152016
539996,NA,NA,c3a,NA,Season20152016
539997,NA,NA,c3a,NA,Season20152016
540000,NA,NA,c3a,NA,Season20152016
540001,NA,NA,c3a,NA,Season20152016
540002,NA,NA,c3a,NA,Season20152016
540003,NA,NA,c3a,NA,Season20152016
540006,NA,NA,c3a,NA,Season20152016
540012,NA,NA,c3a,NA,Season20152016
540013,NA,NA,c3a,NA,Season20152016
540023,NA,NA,c3a,NA,Season20152016
540049,NA,NA,c3a,NA,Season20152016
540050,NA,NA,c3a,NA,Season20152016
540051,NA,NA,c3a,NA,Season20152016
540054,NA,NA,c3a,NA,Season20152016
540056,NA,NA,c3a,NA,Season20152016
540059,NA,NA,c3a,NA,Season20152016
540061,NA,NA,c3a,NA,Season20152016
540062,NA,NA,c3a,NA,Season20152016
540063,NA,NA,c3a,NA,Season20152016
540066,NA,NA,c3a,NA,Season20152016
540067,NA,NA,c3a,NA,Season20152016
540509,NA,NA,c3a,NA,Season20152016
540510,NA,NA,c3a,NA,Season20152016
540806,NA,NA,c3a,NA,Season20152016
540807,NA,NA,c3a,NA,Season20152016
540809,NA,NA,c3a,NA,Season20152016
540815,NA,NA,c3a,NA,Season20152016
540830,NA,NA,c3a,NA,Season20152016
540831,NA,NA,c3a,NA,Season20152016
540832,NA,NA,c3a,NA,Season20152016
540833,NA,NA,c3a,NA,Season20152016
540835,NA,NA,c3a,NA,Season20152016
540839,NA,NA,c3a,NA,Season20152016
540841,NA,NA,c3a,NA,Season20152016
540842,NA,NA,c3a,NA,Season20152016
540844,NA,NA,c3a,NA,Season20152016
540869,NA,NA,c3a,NA,Season20152016
540876,NA,NA,c3a,NA,Season20152016
540936,NA,NA,c3a,NA,Season20152016
540939,NA,NA,c3a,NA,Season20152016
541082,NA,NA,c3a,NA,Season20152016
541137,NA,NA,c3a,NA,Season20152016
541154,NA,NA,c3a,NA,Season20152016
541162,NA,NA,c3a,NA,Season20152016
541172,NA,NA,c3a,NA,Season20152016
541414,NA,NA,c3a,NA,Season20152016
541416,NA,NA,c3a,NA,Season20152016
541418,NA,NA,c3a,NA,Season20152016
541424,NA,NA,c3a,NA,Season20152016
541426,NA,NA,c3a,NA,Season20152016
541428,NA,NA,c3a,NA,Season20152016
541430,NA,NA,c3a,NA,Season20152016
541432,NA,NA,c3a,NA,Season20152016
541434,NA,NA,c3a,NA,Season20152016
541436,NA,NA,c3a,NA,Season20152016
541438,NA,NA,c3a,NA,Season20152016
541440,NA,NA,c3a,NA,Season20152016
541446,NA,NA,c3a,NA,Season20152016
541597,NA,NA,c3a,NA,Season20152016
541600,NA,NA,c3a,NA,Season20152016
541605,NA,NA,c3a,NA,Season20152016
541976,NA,NA,c3a,NA,Season20152016
543100,NA,NA,c3a,NA,Season20152016
543106,NA,NA,c3a,NA,Season20152016
543112,NA,NA,c3a,NA,Season20152016
543114,NA,NA,c3a,NA,Season20152016
543666,NA,NA,c3a,NA,Season20152016
543669,NA,NA,c3a,NA,Season20152016
543687,NA,NA,c3a,NA,Season20152016
543708,NA,NA,c3a,NA,Season20152016
543717,NA,NA,c3a,NA,Season20152016
544078,NA,NA,c3a,NA,Season20152016
544437,NA,NA,c3a,NA,Season20152016
544526,NA,NA,c3a,NA,Season20152016
545581,NA,NA,c3a,NA,Season20152016
547526,NA,NA,c3a,NA,Season20152016
547538,NA,NA,c3a,NA,Season20152016
547542,NA,NA,c3a,NA,Season20152016
547544,NA,NA,c3a,NA,Season20152016
547546,NA,NA,c3a,NA,Season20152016
547548,NA,NA,c3a,NA,Season20152016
547552,NA,NA,c3a,NA,Season20152016
547554,NA,NA,c3a,NA,Season20152016
547561,NA,NA,c3a,NA,Season20152016
547574,NA,NA,c3a,NA,Season20152016
547576,NA,NA,c3a,NA,Season20152016
547578,NA,NA,c3a,NA,Season20152016
547601,NA,NA,c3a,NA,Season20152016
547782,NA,NA,c3a,NA,Season20152016
547798,NA,NA,c3a,NA,Season20152016
547877,NA,NA,c3a,NA,Season20152016
548078,NA,NA,c3a,NA,Season20152016
548900,NA,NA,c3a,NA,Season20152016
548908,NA,NA,c3a,NA,Season20152016
549046,NA,NA,c3a,NA,Season20152016
549535,NA,NA,c3a,NA,Season20152016
550903,NA,NA,c3a,NA,Season20152016
551043,NA,NA,c3a,NA,Season20152016
551098,NA,NA,c3a,NA,Season20152016
551104,NA,NA,c3a,NA,Season20152016
551621,NA,NA,c3a,NA,Season20152016
551623,NA,NA,c3a,NA,Season20152016
551835,NA,NA,c3a,NA,Season20152016
551864,NA,NA,c3a,NA,Season20152016
551866,NA,NA,c3a,NA,Season20152016
551868,NA,NA,c3a,NA,Season20152016
551872,NA,NA,c3a,NA,Season20152016
551874,NA,NA,c3a,NA,Season20152016
551876,NA,NA,c3a,NA,Season20152016
551878,NA,NA,c3a,NA,Season20152016
551884,NA,NA,c3a,NA,Season20152016
551886,NA,NA,c3a,NA,Season20152016
551898,NA,NA,c3a,NA,Season20152016
551900,NA,NA,c3a,NA,Season20152016
552544,NA,NA,c3a,NA,Season20152016
553890,NA,NA,c3a,NA,Season20152016
553967,NA,NA,c3a,NA,Season20152016
554859,NA,NA,c3a,NA,Season20152016
554862,NA,NA,c3a,NA,Season20152016
554865,NA,NA,c3a,NA,Season20152016
554868,NA,NA,c3a,NA,Season20152016
554871,NA,NA,c3a,NA,Season20152016
554874,NA,NA,c3a,NA,Season20152016
554877,NA,NA,c3a,NA,Season20152016
554880,NA,NA,c3a,NA,Season20152016
554886,NA,NA,c3a,NA,Season20152016
554889,NA,NA,c3a,NA,Season20152016
554895,NA,NA,c3a,NA,Season20152016
554898,NA,NA,c3a,NA,Season20152016
554901,NA,NA,c3a,NA,Season20152016
554907,NA,NA,c3a,NA,Season20152016
554910,NA,NA,c3a,NA,Season20152016
554916,NA,NA,c3a,NA,Season20152016
560490,NA,NA,c3a,NA,Season20152016
560498,NA,NA,c3a,NA,Season20152016
560506,NA,NA,c3a,NA,Season20152016
560522,NA,NA,c3a,NA,Season20152016
560553,NA,NA,c3a,NA,Season20152016
560561,NA,NA,c3a,NA,Season20152016
560768,NA,NA,c3a,NA,Season20152016
561781,NA,NA,c3a,NA,Season20152016
561783,NA,NA,c3a,NA,Season20152016
561785,NA,NA,c3a,NA,Season20152016
561787,NA,NA,c3a,NA,Season20152016
563035,NA,NA,c3a,NA,Season20152016
563040,NA,NA,c3a,NA,Season20152016
565875,NA,NA,c3a,NA,Season20152016
565896,NA,NA,c3a,NA,Season20152016
568050,NA,NA,c3a,NA,Season20152016
568058,NA,NA,c3a,NA,Season20152016
568066,NA,NA,c3a,NA,Season20152016
568074,NA,NA,c3a,NA,Season20152016
568082,NA,NA,c3a,NA,Season20152016
568098,NA,NA,c3a,NA,Season20152016
568479,NA,NA,c3a,NA,Season20152016
569286,NA,NA,c3a,NA,Season20152016
574549,NA,NA,c3a,NA,Season20152016
574551,NA,NA,c3a,NA,Season20152016
574553,NA,NA,c3a,NA,Season20152016
574555,NA,NA,c3a,NA,Season20152016
574557,NA,NA,c3a,NA,Season20152016
574559,NA,NA,c3a,NA,Season20152016
574589,NA,NA,c3a,NA,Season20152016
574621,NA,NA,c3a,NA,Season20152016
587444,NA,NA,c3a,NA,Season20152016
589773,NA,NA,c3a,NA,Season20152016
589775,NA,NA,c3a,NA,Season20152016
589777,NA,NA,c3a,NA,Season20152016
589779,NA,NA,c3a,NA,Season20152016
616512,NA,NA,c3a,NA,Season20152016
626316,NA,NA,c3a,NA,Season20152016
629933,NA,NA,c3a,NA,Season20152016
629996,NA,NA,c3a,NA,Season20152016
629999,NA,NA,c3a,NA,Season20152016
630005,NA,NA,c3a,NA,Season20152016
630008,NA,NA,c3a,NA,Season20152016
630011,NA,NA,c3a,NA,Season20152016
770026,NA,NA,c3a,NA,Season20152016
770034,NA,NA,c3a,NA,Season20152016
482856,NA,NA,other,NA,Season20152016
482858,NA,NA,other,NA,Season20152016
484987,NA,NA,other,NA,Season20152016
486040,NA,NA,other,NA,Season20152016
486420,NA,NA,other,NA,Season20152016
486430,NA,NA,other,NA,Season20152016
486432,NA,NA,other,NA,Season20152016
486435,NA,NA,other,NA,Season20152016
486437,NA,NA,other,NA,Season20152016
486443,NA,NA,other,NA,Season20152016
486576,NA,NA,other,NA,Season20152016
486579,NA,NA,other,NA,Season20152016
486585,NA,NA,other,NA,Season20152016
492236,NA,NA,other,NA,Season20152016
492239,NA,NA,other,NA,Season20152016
492241,NA,NA,other,NA,Season20152016
492247,NA,NA,other,NA,Season20152016
492678,NA,NA,other,NA,Season20152016
492694,NA,NA,other,NA,Season20152016
492697,NA,NA,other,NA,Season20152016
492701,NA,NA,other,NA,Season20152016
492704,NA,NA,other,NA,Season20152016
492707,NA,NA,other,NA,Season20152016
492709,NA,NA,other,NA,Season20152016
492720,NA,NA,other,NA,Season20152016
492725,NA,NA,other,NA,Season20152016
492731,NA,NA,other,NA,Season20152016
492734,NA,NA,other,NA,Season20152016
492737,NA,NA,other,NA,Season20152016
492739,NA,NA,other,NA,Season20152016
492741,NA,NA,other,NA,Season20152016
492743,NA,NA,other,NA,Season20152016
492745,NA,NA,other,NA,Season20152016
492748,NA,NA,other,NA,Season20152016
492750,NA,NA,other,NA,Season20152016
492753,NA,NA,other,NA,Season20152016
492756,NA,NA,other,NA,Season20152016
497554,NA,NA,other,NA,Season20152016
497556,NA,NA,other,NA,Season20152016
497558,NA,NA,other,NA,Season20152016
497560,NA,NA,other,NA,Season20152016
497562,NA,NA,other,NA,Season20152016
497564,NA,NA,other,NA,Season20152016
497566,NA,NA,other,NA,Season20152016
497592,NA,NA,other,NA,Season20152016
497593,NA,NA,other,NA,Season20152016
497594,NA,NA,other,NA,Season20152016
497595,NA,NA,other,NA,Season20152016
497596,NA,NA,other,NA,Season20152016
497651,NA,NA,other,NA,Season20152016
497653,NA,NA,other,NA,Season20152016
497656,NA,NA,other,NA,Season20152016
497698,NA,NA,other,NA,Season20152016
497741,NA,NA,other,NA,Season20152016
497744,NA,NA,other,NA,Season20152016
497750,NA,NA,other,NA,Season20152016
497753,NA,NA,other,NA,Season20152016
497765,NA,NA,other,NA,Season20152016
498258,NA,NA,other,NA,Season20152016
498260,NA,NA,other,NA,Season20152016
498262,NA,NA,other,NA,Season20152016
498347,NA,NA,other,NA,Season20152016
498355,NA,NA,other,NA,Season20152016
498375,NA,NA,other,NA,Season20152016
498377,NA,NA,other,NA,Season20152016
498379,NA,NA,other,NA,Season20152016
498381,NA,NA,other,NA,Season20152016
498383,NA,NA,other,NA,Season20152016
498401,NA,NA,other,NA,Season20152016
498453,NA,NA,other,NA,Season20152016
498454,NA,NA,other,NA,Season20152016
498467,NA,NA,other,NA,Season20152016
498469,NA,NA,other,NA,Season20152016
498477,NA,NA,other,NA,Season20152016
498480,NA,NA,other,NA,Season20152016
498483,NA,NA,other,NA,Season20152016
498486,NA,NA,other,NA,Season20152016
498492,NA,NA,other,NA,Season20152016
498497,NA,NA,other,NA,Season20152016
498500,NA,NA,other,NA,Season20152016
498506,NA,NA,other,NA,Season20152016
498514,NA,NA,other,NA,Season20152016
498515,NA,NA,other,NA,Season20152016
498516,NA,NA,other,NA,Season20152016
498517,NA,NA,other,NA,Season20152016
498518,NA,NA,other,NA,Season20152016
498519,NA,NA,other,NA,Season20152016
498520,NA,NA,other,NA,Season20152016
498521,NA,NA,other,NA,Season20152016
498522,NA,NA,other,NA,Season20152016
498524,NA,NA,other,NA,Season20152016
498525,NA,NA,other,NA,Season20152016
498526,NA,NA,other,NA,Season20152016
498527,NA,NA,other,NA,Season20152016
498528,NA,NA,other,NA,Season20152016
498534,NA,NA,other,NA,Season20152016
498621,NA,NA,other,NA,Season20152016
498630,NA,NA,other,NA,Season20152016
498633,NA,NA,other,NA,Season20152016
498645,NA,NA,other,NA,Season20152016
498672,NA,NA,other,NA,Season20152016
498675,NA,NA,other,NA,Season20152016
498678,NA,NA,other,NA,Season20152016
498699,NA,NA,other,NA,Season20152016
498702,NA,NA,other,NA,Season20152016
498705,NA,NA,other,NA,Season20152016
498708,NA,NA,other,NA,Season20152016
498720,NA,NA,other,NA,Season20152016
498723,NA,NA,other,NA,Season20152016
498774,NA,NA,other,NA,Season20152016
498780,NA,NA,other,NA,Season20152016
498783,NA,NA,other,NA,Season20152016
498786,NA,NA,other,NA,Season20152016
498789,NA,NA,other,NA,Season20152016
498807,NA,NA,other,NA,Season20152016
499207,NA,NA,other,NA,Season20152016
499271,NA,NA,other,NA,Season20152016
499279,NA,NA,other,NA,Season20152016
499296,NA,NA,other,NA,Season20152016
499303,NA,NA,other,NA,Season20152016
499306,NA,NA,other,NA,Season20152016
499308,NA,NA,other,NA,Season20152016
499369,NA,NA,other,NA,Season20152016
499372,NA,NA,other,NA,Season20152016
499375,NA,NA,other,NA,Season20152016
499378,NA,NA,other,NA,Season20152016
499381,NA,NA,other,NA,Season20152016
499383,NA,NA,other,NA,Season20152016
499387,NA,NA,other,NA,Season20152016
499390,NA,NA,other,NA,Season20152016
499606,NA,NA,other,NA,Season20152016
499608,NA,NA,other,NA,Season20152016
499802,NA,NA,other,NA,Season20152016
499803,NA,NA,other,NA,Season20152016
499804,NA,NA,other,NA,Season20152016
499805,NA,NA,other,NA,Season20152016
499806,NA,NA,other,NA,Season20152016
500196,NA,NA,other,NA,Season20152016
500269,NA,NA,other,NA,Season20152016
500270,NA,NA,other,NA,Season20152016
500271,NA,NA,other,NA,Season20152016
500279,NA,NA,other,NA,Season20152016
500282,NA,NA,other,NA,Season20152016
500284,NA,NA,other,NA,Season20152016
500286,NA,NA,other,NA,Season20152016
500288,NA,NA,other,NA,Season20152016
500290,NA,NA,other,NA,Season20152016
500293,NA,NA,other,NA,Season20152016
500295,NA,NA,other,NA,Season20152016
500299,NA,NA,other,NA,Season20152016
500301,NA,NA,other,NA,Season20152016
500303,NA,NA,other,NA,Season20152016
501183,NA,NA,other,NA,Season20152016
501185,NA,NA,other,NA,Season20152016
501188,NA,NA,other,NA,Season20152016
501189,NA,NA,other,NA,Season20152016
501192,NA,NA,other,NA,Season20152016
501195,NA,NA,other,NA,Season20152016
501198,NA,NA,other,NA,Season20152016
501201,NA,NA,other,NA,Season20152016
501204,NA,NA,other,NA,Season20152016
501207,NA,NA,other,NA,Season20152016
501210,NA,NA,other,NA,Season20152016
501213,NA,NA,other,NA,Season20152016
501216,NA,NA,other,NA,Season20152016
501219,NA,NA,other,NA,Season20152016
501410,NA,NA,other,NA,Season20152016
501413,NA,NA,other,NA,Season20152016
501422,NA,NA,other,NA,Season20152016
501428,NA,NA,other,NA,Season20152016
501429,NA,NA,other,NA,Season20152016
501430,NA,NA,other,NA,Season20152016
501431,NA,NA,other,NA,Season20152016
501433,NA,NA,other,NA,Season20152016
501434,NA,NA,other,NA,Season20152016
501730,NA,NA,other,NA,Season20152016
501731,NA,NA,other,NA,Season20152016
501732,NA,NA,other,NA,Season20152016
502795,NA,NA,other,NA,Season20152016
503264,NA,NA,other,NA,Season20152016
503267,NA,NA,other,NA,Season20152016
503270,NA,NA,other,NA,Season20152016
503273,NA,NA,other,NA,Season20152016
503286,NA,NA,other,NA,Season20152016
503316,NA,NA,other,NA,Season20152016
503322,NA,NA,other,NA,Season20152016
503331,NA,NA,other,NA,Season20152016
503333,NA,NA,other,NA,Season20152016
503335,NA,NA,other,NA,Season20152016
503339,NA,NA,other,NA,Season20152016
503349,NA,NA,other,NA,Season20152016
503351,NA,NA,other,NA,Season20152016
503353,NA,NA,other,NA,Season20152016
503355,NA,NA,other,NA,Season20152016
503471,NA,NA,other,NA,Season20152016
503473,NA,NA,other,NA,Season20152016
503475,NA,NA,other,NA,Season20152016
503478,NA,NA,other,NA,Season20152016
503480,NA,NA,other,NA,Season20152016
503486,NA,NA,other,NA,Season20152016
503488,NA,NA,other,NA,Season20152016
503490,NA,NA,other,NA,Season20152016
503493,NA,NA,other,NA,Season20152016
503730,NA,NA,other,NA,Season20152016
503734,NA,NA,other,NA,Season20152016
503736,NA,NA,other,NA,Season20152016
503738,NA,NA,other,NA,Season20152016
503740,NA,NA,other,NA,Season20152016
503744,NA,NA,other,NA,Season20152016
503748,NA,NA,other,NA,Season20152016
503754,NA,NA,other,NA,Season20152016
503902,NA,NA,other,NA,Season20152016
503909,NA,NA,other,NA,Season20152016
503912,NA,NA,other,NA,Season20152016
503917,NA,NA,other,NA,Season20152016
503921,NA,NA,other,NA,Season20152016
503927,NA,NA,other,NA,Season20152016
503938,NA,NA,other,NA,Season20152016
503951,NA,NA,other,NA,Season20152016
504746,NA,NA,other,NA,Season20152016
505113,NA,NA,other,NA,Season20152016
505186,NA,NA,other,NA,Season20152016
505201,NA,NA,other,NA,Season20152016
505211,NA,NA,other,NA,Season20152016
505231,NA,NA,other,NA,Season20152016
505237,NA,NA,other,NA,Season20152016
505239,NA,NA,other,NA,Season20152016
505249,NA,NA,other,NA,Season20152016
505251,NA,NA,other,NA,Season20152016
505253,NA,NA,other,NA,Season20152016
505271,NA,NA,other,NA,Season20152016
505273,NA,NA,other,NA,Season20152016
505479,NA,NA,other,NA,Season20152016
505480,NA,NA,other,NA,Season20152016
505481,NA,NA,other,NA,Season20152016
505482,NA,NA,other,NA,Season20152016
505483,NA,NA,other,NA,Season20152016
505508,NA,NA,other,NA,Season20152016
507114,NA,NA,other,NA,Season20152016
507120,NA,NA,other,NA,Season20152016
507139,NA,NA,other,NA,Season20152016
507540,NA,NA,other,NA,Season20152016
507543,NA,NA,other,NA,Season20152016
507581,NA,NA,other,NA,Season20152016
507582,NA,NA,other,NA,Season20152016
507583,NA,NA,other,NA,Season20152016
507584,NA,NA,other,NA,Season20152016
507585,NA,NA,other,NA,Season20152016
507801,NA,NA,other,NA,Season20152016
507853,NA,NA,other,NA,Season20152016
507855,NA,NA,other,NA,Season20152016
507857,NA,NA,other,NA,Season20152016
507859,NA,NA,other,NA,Season20152016
507861,NA,NA,other,NA,Season20152016
507863,NA,NA,other,NA,Season20152016
507865,NA,NA,other,NA,Season20152016
507867,NA,NA,other,NA,Season20152016
507869,NA,NA,other,NA,Season20152016
507871,NA,NA,other,NA,Season20152016
507875,NA,NA,other,NA,Season20152016
507877,NA,NA,other,NA,Season20152016
507879,NA,NA,other,NA,Season20152016
507885,NA,NA,other,NA,Season20152016
507889,NA,NA,other,NA,Season20152016
507891,NA,NA,other,NA,Season20152016
508242,NA,NA,other,NA,Season20152016
508629,NA,NA,other,NA,Season20152016
508635,NA,NA,other,NA,Season20152016
508637,NA,NA,other,NA,Season20152016
508639,NA,NA,other,NA,Season20152016
508642,NA,NA,other,NA,Season20152016
508645,NA,NA,other,NA,Season20152016
508648,NA,NA,other,NA,Season20152016
508651,NA,NA,other,NA,Season20152016
508654,NA,NA,other,NA,Season20152016
508666,NA,NA,other,NA,Season20152016
508672,NA,NA,other,NA,Season20152016
508678,NA,NA,other,NA,Season20152016
508684,NA,NA,other,NA,Season20152016
509162,NA,NA,other,NA,Season20152016
509163,NA,NA,other,NA,Season20152016
509184,NA,NA,other,NA,Season20152016
509204,NA,NA,other,NA,Season20152016
509437,NA,NA,other,NA,Season20152016
509983,NA,NA,other,NA,Season20152016
510890,NA,NA,other,NA,Season20152016
513295,NA,NA,other,NA,Season20152016
513299,NA,NA,other,NA,Season20152016
514482,NA,NA,other,NA,Season20152016
515153,NA,NA,other,NA,Season20152016
515157,NA,NA,other,NA,Season20152016
515165,NA,NA,other,NA,Season20152016
515169,NA,NA,other,NA,Season20152016
515171,NA,NA,other,NA,Season20152016
515173,NA,NA,other,NA,Season20152016
515175,NA,NA,other,NA,Season20152016
515177,NA,NA,other,NA,Season20152016
515179,NA,NA,other,NA,Season20152016
515191,NA,NA,other,NA,Season20152016
515201,NA,NA,other,NA,Season20152016
515213,NA,NA,other,NA,Season20152016
515215,NA,NA,other,NA,Season20152016
515227,NA,NA,other,NA,Season20152016
516260,NA,NA,other,NA,Season20152016
516261,NA,NA,other,NA,Season20152016
516437,NA,NA,other,NA,Season20152016
516750,NA,NA,other,NA,Season20152016
516876,NA,NA,other,NA,Season20152016
516880,NA,NA,other,NA,Season20152016
516882,NA,NA,other,NA,Season20152016
516897,NA,NA,other,NA,Season20152016
516901,NA,NA,other,NA,Season20152016
516919,NA,NA,other,NA,Season20152016
516921,NA,NA,other,NA,Season20152016
516923,NA,NA,other,NA,Season20152016
517111,NA,NA,other,NA,Season20152016
526798,NA,NA,other,NA,Season20152016
529560,NA,NA,other,NA,Season20152016
529568,NA,NA,other,NA,Season20152016
529571,NA,NA,other,NA,Season20152016
529587,NA,NA,other,NA,Season20152016
529590,NA,NA,other,NA,Season20152016
530689,NA,NA,other,NA,Season20152016
531704,NA,NA,other,NA,Season20152016
531719,NA,NA,other,NA,Season20152016
532830,NA,NA,other,NA,Season20152016
533275,NA,NA,other,NA,Season20152016
533353,NA,NA,other,NA,Season20152016
536372,NA,NA,other,NA,Season20152016
537007,NA,NA,other,NA,Season20152016
537054,NA,NA,other,NA,Season20152016
537887,NA,NA,other,NA,Season20152016
537991,NA,NA,other,NA,Season20152016
538479,NA,NA,other,NA,Season20152016
538531,NA,NA,other,NA,Season20152016
539217,NA,NA,other,NA,Season20152016
539219,NA,NA,other,NA,Season20152016
539365,NA,NA,other,NA,Season20152016
539367,NA,NA,other,NA,Season20152016
540794,NA,NA,other,NA,Season20152016
541651,NA,NA,other,NA,Season20152016
543071,NA,NA,other,NA,Season20152016
566257,NA,NA,other,NA,Season20152016
566259,NA,NA,other,NA,Season20152016
567284,NA,NA,other,NA,Season20152016
572275,NA,NA,other,NA,Season20152016
576370,NA,NA,other,NA,Season20152016
576379,NA,NA,other,NA,Season20152016
748170,NA,NA,other,NA,Season20152016
498508,NA,NA,other,NA,Season20152016
500259,NA,NA,other,NA,Season20152016
500261,NA,NA,other,NA,Season20152016
500263,NA,NA,other,NA,Season20152016
500388,NA,NA,other,NA,Season20152016
500390,NA,NA,other,NA,Season20152016
501432,NA,NA,other,NA,Season20152016
501435,NA,NA,other,NA,Season20152016
501436,NA,NA,other,NA,Season20152016
501463,NA,NA,other,NA,Season20152016
502965,NA,NA,other,NA,Season20152016
502967,NA,NA,other,NA,Season20152016
503275,NA,NA,other,NA,Season20152016
503284,NA,NA,other,NA,Season20152016
503288,NA,NA,other,NA,Season20152016
503314,NA,NA,other,NA,Season20152016
503320,NA,NA,other,NA,Season20152016
503327,NA,NA,other,NA,Season20152016
503329,NA,NA,other,NA,Season20152016
503337,NA,NA,other,NA,Season20152016
503341,NA,NA,other,NA,Season20152016
503777,NA,NA,other,NA,Season20152016
503915,NA,NA,other,NA,Season20152016
503924,NA,NA,other,NA,Season20152016
504749,NA,NA,other,NA,Season20152016
504841,NA,NA,other,NA,Season20152016
505115,NA,NA,other,NA,Season20152016
505130,NA,NA,other,NA,Season20152016
505131,NA,NA,other,NA,Season20152016
505132,NA,NA,other,NA,Season20152016
505187,NA,NA,other,NA,Season20152016
505189,NA,NA,other,NA,Season20152016
505191,NA,NA,other,NA,Season20152016
505193,NA,NA,other,NA,Season20152016
505197,NA,NA,other,NA,Season20152016
505199,NA,NA,other,NA,Season20152016
505217,NA,NA,other,NA,Season20152016
505219,NA,NA,other,NA,Season20152016
505221,NA,NA,other,NA,Season20152016
505223,NA,NA,other,NA,Season20152016
505225,NA,NA,other,NA,Season20152016
505233,NA,NA,other,NA,Season20152016
505257,NA,NA,other,NA,Season20152016
505259,NA,NA,other,NA,Season20152016
505261,NA,NA,other,NA,Season20152016
505267,NA,NA,other,NA,Season20152016
505269,NA,NA,other,NA,Season20152016
505360,NA,NA,other,NA,Season20152016
505376,NA,NA,other,NA,Season20152016
505397,NA,NA,other,NA,Season20152016
505400,NA,NA,other,NA,Season20152016
505417,NA,NA,other,NA,Season20152016
505429,NA,NA,other,NA,Season20152016
505444,NA,NA,other,NA,Season20152016
505475,NA,NA,other,NA,Season20152016
505476,NA,NA,other,NA,Season20152016
505477,NA,NA,other,NA,Season20152016
505478,NA,NA,other,NA,Season20152016
505484,NA,NA,other,NA,Season20152016
505485,NA,NA,other,NA,Season20152016
505486,NA,NA,other,NA,Season20152016
505487,NA,NA,other,NA,Season20152016
505488,NA,NA,other,NA,Season20152016
505489,NA,NA,other,NA,Season20152016
505490,NA,NA,other,NA,Season20152016
505491,NA,NA,other,NA,Season20152016
505492,NA,NA,other,NA,Season20152016
505493,NA,NA,other,NA,Season20152016
505494,NA,NA,other,NA,Season20152016
505495,NA,NA,other,NA,Season20152016
505496,NA,NA,other,NA,Season20152016
505497,NA,NA,other,NA,Season20152016
505498,NA,NA,other,NA,Season20152016
505499,NA,NA,other,NA,Season20152016
505500,NA,NA,other,NA,Season20152016
505501,NA,NA,other,NA,Season20152016
505502,NA,NA,other,NA,Season20152016
505503,NA,NA,other,NA,Season20152016
505504,NA,NA,other,NA,Season20152016
505505,NA,NA,other,NA,Season20152016
505509,NA,NA,other,NA,Season20152016
505510,NA,NA,other,NA,Season20152016
505511,NA,NA,other,NA,Season20152016
507115,NA,NA,other,NA,Season20152016
507116,NA,NA,other,NA,Season20152016
507117,NA,NA,other,NA,Season20152016
507118,NA,NA,other,NA,Season20152016
507119,NA,NA,other,NA,Season20152016
507121,NA,NA,other,NA,Season20152016
507122,NA,NA,other,NA,Season20152016
507123,NA,NA,other,NA,Season20152016
507124,NA,NA,other,NA,Season20152016
507125,NA,NA,other,NA,Season20152016
507126,NA,NA,other,NA,Season20152016
507127,NA,NA,other,NA,Season20152016
507128,NA,NA,other,NA,Season20152016
507129,NA,NA,other,NA,Season20152016
507130,NA,NA,other,NA,Season20152016
507131,NA,NA,other,NA,Season20152016
507132,NA,NA,other,NA,Season20152016
507133,NA,NA,other,NA,Season20152016
507134,NA,NA,other,NA,Season20152016
507135,NA,NA,other,NA,Season20152016
507136,NA,NA,other,NA,Season20152016
507137,NA,NA,other,NA,Season20152016
507138,NA,NA,other,NA,Season20152016
507159,NA,NA,other,NA,Season20152016
507161,NA,NA,other,NA,Season20152016
507163,NA,NA,other,NA,Season20152016
507165,NA,NA,other,NA,Season20152016
507167,NA,NA,other,NA,Season20152016
507169,NA,NA,other,NA,Season20152016
507171,NA,NA,other,NA,Season20152016
507173,NA,NA,other,NA,Season20152016
507580,NA,NA,other,NA,Season20152016
507586,NA,NA,other,NA,Season20152016
507790,NA,NA,other,NA,Season20152016
507791,NA,NA,other,NA,Season20152016
507792,NA,NA,other,NA,Season20152016
507793,NA,NA,other,NA,Season20152016
507794,NA,NA,other,NA,Season20152016
507795,NA,NA,other,NA,Season20152016
507796,NA,NA,other,NA,Season20152016
507797,NA,NA,other,NA,Season20152016
507798,NA,NA,other,NA,Season20152016
507799,NA,NA,other,NA,Season20152016
507800,NA,NA,other,NA,Season20152016
507802,NA,NA,other,NA,Season20152016
507803,NA,NA,other,NA,Season20152016
507804,NA,NA,other,NA,Season20152016
507851,NA,NA,other,NA,Season20152016
507873,NA,NA,other,NA,Season20152016
508248,NA,NA,other,NA,Season20152016
508269,NA,NA,other,NA,Season20152016
508273,NA,NA,other,NA,Season20152016
508322,NA,NA,other,NA,Season20152016
508324,NA,NA,other,NA,Season20152016
508326,NA,NA,other,NA,Season20152016
508328,NA,NA,other,NA,Season20152016
508330,NA,NA,other,NA,Season20152016
508332,NA,NA,other,NA,Season20152016
508360,NA,NA,other,NA,Season20152016
508632,NA,NA,other,NA,Season20152016
508681,NA,NA,other,NA,Season20152016
508687,NA,NA,other,NA,Season20152016
508699,NA,NA,other,NA,Season20152016
508732,NA,NA,other,NA,Season20152016
508733,NA,NA,other,NA,Season20152016
508734,NA,NA,other,NA,Season20152016
508735,NA,NA,other,NA,Season20152016
508867,NA,NA,other,NA,Season20152016
508868,NA,NA,other,NA,Season20152016
508870,NA,NA,other,NA,Season20152016
509152,NA,NA,other,NA,Season20152016
509153,NA,NA,other,NA,Season20152016
509154,NA,NA,other,NA,Season20152016
509155,NA,NA,other,NA,Season20152016
509156,NA,NA,other,NA,Season20152016
509157,NA,NA,other,NA,Season20152016
509158,NA,NA,other,NA,Season20152016
509159,NA,NA,other,NA,Season20152016
509160,NA,NA,other,NA,Season20152016
509161,NA,NA,other,NA,Season20152016
509164,NA,NA,other,NA,Season20152016
509165,NA,NA,other,NA,Season20152016
509166,NA,NA,other,NA,Season20152016
509167,NA,NA,other,NA,Season20152016
509168,NA,NA,other,NA,Season20152016
509169,NA,NA,other,NA,Season20152016
509170,NA,NA,other,NA,Season20152016
509171,NA,NA,other,NA,Season20152016
509172,NA,NA,other,NA,Season20152016
509173,NA,NA,other,NA,Season20152016
509174,NA,NA,other,NA,Season20152016
509175,NA,NA,other,NA,Season20152016
509176,NA,NA,other,NA,Season20152016
509177,NA,NA,other,NA,Season20152016
509178,NA,NA,other,NA,Season20152016
509179,NA,NA,other,NA,Season20152016
509180,NA,NA,other,NA,Season20152016
509181,NA,NA,other,NA,Season20152016
509182,NA,NA,other,NA,Season20152016
509183,NA,NA,other,NA,Season20152016
509185,NA,NA,other,NA,Season20152016
509186,NA,NA,other,NA,Season20152016
509187,NA,NA,other,NA,Season20152016
509188,NA,NA,other,NA,Season20152016
509353,NA,NA,other,NA,Season20152016
509355,NA,NA,other,NA,Season20152016
509356,NA,NA,other,NA,Season20152016
509357,NA,NA,other,NA,Season20152016
509358,NA,NA,other,NA,Season20152016
509423,NA,NA,other,NA,Season20152016
509600,NA,NA,other,NA,Season20152016
509601,NA,NA,other,NA,Season20152016
509605,NA,NA,other,NA,Season20152016
509607,NA,NA,other,NA,Season20152016
509609,NA,NA,other,NA,Season20152016
509611,NA,NA,other,NA,Season20152016
509957,NA,NA,other,NA,Season20152016
509963,NA,NA,other,NA,Season20152016
509965,NA,NA,other,NA,Season20152016
509968,NA,NA,other,NA,Season20152016
509973,NA,NA,other,NA,Season20152016
509981,NA,NA,other,NA,Season20152016
509989,NA,NA,other,NA,Season20152016
509991,NA,NA,other,NA,Season20152016
509994,NA,NA,other,NA,Season20152016
510327,NA,NA,other,NA,Season20152016
510329,NA,NA,other,NA,Season20152016
510330,NA,NA,other,NA,Season20152016
510332,NA,NA,other,NA,Season20152016
510335,NA,NA,other,NA,Season20152016
510336,NA,NA,other,NA,Season20152016
510337,NA,NA,other,NA,Season20152016
510338,NA,NA,other,NA,Season20152016
510339,NA,NA,other,NA,Season20152016
510340,NA,NA,other,NA,Season20152016
510341,NA,NA,other,NA,Season20152016
510342,NA,NA,other,NA,Season20152016
510343,NA,NA,other,NA,Season20152016
510344,NA,NA,other,NA,Season20152016
510345,NA,NA,other,NA,Season20152016
510346,NA,NA,other,NA,Season20152016
510348,NA,NA,other,NA,Season20152016
510349,NA,NA,other,NA,Season20152016
510351,NA,NA,other,NA,Season20152016
510902,NA,NA,other,NA,Season20152016
510905,NA,NA,other,NA,Season20152016
510911,NA,NA,other,NA,Season20152016
510917,NA,NA,other,NA,Season20152016
510940,NA,NA,other,NA,Season20152016
510941,NA,NA,other,NA,Season20152016
510942,NA,NA,other,NA,Season20152016
510943,NA,NA,other,NA,Season20152016
510944,NA,NA,other,NA,Season20152016
510945,NA,NA,other,NA,Season20152016
510946,NA,NA,other,NA,Season20152016
510950,NA,NA,other,NA,Season20152016
510953,NA,NA,other,NA,Season20152016
510956,NA,NA,other,NA,Season20152016
510959,NA,NA,other,NA,Season20152016
510962,NA,NA,other,NA,Season20152016
510965,NA,NA,other,NA,Season20152016
510968,NA,NA,other,NA,Season20152016
510969,NA,NA,other,NA,Season20152016
510972,NA,NA,other,NA,Season20152016
510973,NA,NA,other,NA,Season20152016
510974,NA,NA,other,NA,Season20152016
514484,NA,NA,other,NA,Season20152016
514486,NA,NA,other,NA,Season20152016
514487,NA,NA,other,NA,Season20152016
515155,NA,NA,other,NA,Season20152016
515167,NA,NA,other,NA,Season20152016
515205,NA,NA,other,NA,Season20152016
515207,NA,NA,other,NA,Season20152016
515209,NA,NA,other,NA,Season20152016
515211,NA,NA,other,NA,Season20152016
515217,NA,NA,other,NA,Season20152016
515219,NA,NA,other,NA,Season20152016
515221,NA,NA,other,NA,Season20152016
515223,NA,NA,other,NA,Season20152016
515230,NA,NA,other,NA,Season20152016
515286,NA,NA,other,NA,Season20152016
515296,NA,NA,other,NA,Season20152016
515574,NA,NA,other,NA,Season20152016
515578,NA,NA,other,NA,Season20152016
515589,NA,NA,other,NA,Season20152016
515605,NA,NA,other,NA,Season20152016
515624,NA,NA,other,NA,Season20152016
515625,NA,NA,other,NA,Season20152016
515626,NA,NA,other,NA,Season20152016
515627,NA,NA,other,NA,Season20152016
515628,NA,NA,other,NA,Season20152016
515629,NA,NA,other,NA,Season20152016
515630,NA,NA,other,NA,Season20152016
515632,NA,NA,other,NA,Season20152016
515634,NA,NA,other,NA,Season20152016
515636,NA,NA,other,NA,Season20152016
515638,NA,NA,other,NA,Season20152016
515982,NA,NA,other,NA,Season20152016
515984,NA,NA,other,NA,Season20152016
515986,NA,NA,other,NA,Season20152016
515988,NA,NA,other,NA,Season20152016
515990,NA,NA,other,NA,Season20152016
516071,NA,NA,other,NA,Season20152016
516262,NA,NA,other,NA,Season20152016
516263,NA,NA,other,NA,Season20152016
516452,NA,NA,other,NA,Season20152016
516455,NA,NA,other,NA,Season20152016
516491,NA,NA,other,NA,Season20152016
516492,NA,NA,other,NA,Season20152016
516493,NA,NA,other,NA,Season20152016
516543,NA,NA,other,NA,Season20152016
516544,NA,NA,other,NA,Season20152016
516545,NA,NA,other,NA,Season20152016
516546,NA,NA,other,NA,Season20152016
516547,NA,NA,other,NA,Season20152016
516560,NA,NA,other,NA,Season20152016
516561,NA,NA,other,NA,Season20152016
516562,NA,NA,other,NA,Season20152016
516563,NA,NA,other,NA,Season20152016
516565,NA,NA,other,NA,Season20152016
516568,NA,NA,other,NA,Season20152016
516569,NA,NA,other,NA,Season20152016
516570,NA,NA,other,NA,Season20152016
516571,NA,NA,other,NA,Season20152016
516572,NA,NA,other,NA,Season20152016
516573,NA,NA,other,NA,Season20152016
516574,NA,NA,other,NA,Season20152016
516575,NA,NA,other,NA,Season20152016
516576,NA,NA,other,NA,Season20152016
516577,NA,NA,other,NA,Season20152016
516578,NA,NA,other,NA,Season20152016
516579,NA,NA,other,NA,Season20152016
516580,NA,NA,other,NA,Season20152016
516581,NA,NA,other,NA,Season20152016
516582,NA,NA,other,NA,Season20152016
516583,NA,NA,other,NA,Season20152016
516584,NA,NA,other,NA,Season20152016
516585,NA,NA,other,NA,Season20152016
516586,NA,NA,other,NA,Season20152016
516587,NA,NA,other,NA,Season20152016
516588,NA,NA,other,NA,Season20152016
516589,NA,NA,other,NA,Season20152016
516590,NA,NA,other,NA,Season20152016
516676,NA,NA,other,NA,Season20152016
516684,NA,NA,other,NA,Season20152016
516686,NA,NA,other,NA,Season20152016
516692,NA,NA,other,NA,Season20152016
516694,NA,NA,other,NA,Season20152016
516696,NA,NA,other,NA,Season20152016
516702,NA,NA,other,NA,Season20152016
516705,NA,NA,other,NA,Season20152016
516708,NA,NA,other,NA,Season20152016
516801,NA,NA,other,NA,Season20152016
516803,NA,NA,other,NA,Season20152016
516805,NA,NA,other,NA,Season20152016
516807,NA,NA,other,NA,Season20152016
516809,NA,NA,other,NA,Season20152016
516811,NA,NA,other,NA,Season20152016
516819,NA,NA,other,NA,Season20152016
516821,NA,NA,other,NA,Season20152016
516823,NA,NA,other,NA,Season20152016
516824,NA,NA,other,NA,Season20152016
516827,NA,NA,other,NA,Season20152016
516873,NA,NA,other,NA,Season20152016
516874,NA,NA,other,NA,Season20152016
516909,NA,NA,other,NA,Season20152016
516911,NA,NA,other,NA,Season20152016
516915,NA,NA,other,NA,Season20152016
516917,NA,NA,other,NA,Season20152016
516925,NA,NA,other,NA,Season20152016
516929,NA,NA,other,NA,Season20152016
516931,NA,NA,other,NA,Season20152016
516939,NA,NA,other,NA,Season20152016
517115,NA,NA,other,NA,Season20152016
518214,NA,NA,other,NA,Season20152016
518217,NA,NA,other,NA,Season20152016
518220,NA,NA,other,NA,Season20152016
518223,NA,NA,other,NA,Season20152016
520359,NA,NA,other,NA,Season20152016
520365,NA,NA,other,NA,Season20152016
520368,NA,NA,other,NA,Season20152016
520374,NA,NA,other,NA,Season20152016
520377,NA,NA,other,NA,Season20152016
520388,NA,NA,other,NA,Season20152016
520391,NA,NA,other,NA,Season20152016
520394,NA,NA,other,NA,Season20152016
520397,NA,NA,other,NA,Season20152016
520407,NA,NA,other,NA,Season20152016
520410,NA,NA,other,NA,Season20152016
520416,NA,NA,other,NA,Season20152016
520698,NA,NA,other,NA,Season20152016
521885,NA,NA,other,NA,Season20152016
521890,NA,NA,other,NA,Season20152016
521897,NA,NA,other,NA,Season20152016
521911,NA,NA,other,NA,Season20152016
521936,NA,NA,other,NA,Season20152016
521938,NA,NA,other,NA,Season20152016
521948,NA,NA,other,NA,Season20152016
521950,NA,NA,other,NA,Season20152016
521952,NA,NA,other,NA,Season20152016
524718,NA,NA,other,NA,Season20152016
524720,NA,NA,other,NA,Season20152016
524722,NA,NA,other,NA,Season20152016
525081,NA,NA,other,NA,Season20152016
525118,NA,NA,other,NA,Season20152016
525133,NA,NA,other,NA,Season20152016
525167,NA,NA,other,NA,Season20152016
525185,NA,NA,other,NA,Season20152016
525441,NA,NA,other,NA,Season20152016
526023,NA,NA,other,NA,Season20152016
526032,NA,NA,other,NA,Season20152016
526035,NA,NA,other,NA,Season20152016
526047,NA,NA,other,NA,Season20152016
530578,NA,NA,other,NA,Season20152016
530580,NA,NA,other,NA,Season20152016
530582,NA,NA,other,NA,Season20152016
530584,NA,NA,other,NA,Season20152016
530586,NA,NA,other,NA,Season20152016
530588,NA,NA,other,NA,Season20152016
530590,NA,NA,other,NA,Season20152016
530592,NA,NA,other,NA,Season20152016
530594,NA,NA,other,NA,Season20152016
530596,NA,NA,other,NA,Season20152016
530599,NA,NA,other,NA,Season20152016
530601,NA,NA,other,NA,Season20152016
530603,NA,NA,other,NA,Season20152016
530605,NA,NA,other,NA,Season20152016
530607,NA,NA,other,NA,Season20152016
530609,NA,NA,other,NA,Season20152016
530611,NA,NA,other,NA,Season20152016
530613,NA,NA,other,NA,Season20152016
530615,NA,NA,other,NA,Season20152016
530617,NA,NA,other,NA,Season20152016
530619,NA,NA,other,NA,Season20152016
530621,NA,NA,other,NA,Season20152016
530623,NA,NA,other,NA,Season20152016
530625,NA,NA,other,NA,Season20152016
530627,NA,NA,other,NA,Season20152016
530629,NA,NA,other,NA,Season20152016
530631,NA,NA,other,NA,Season20152016
530633,NA,NA,other,NA,Season20152016
530635,NA,NA,other,NA,Season20152016
530637,NA,NA,other,NA,Season20152016
530639,NA,NA,other,NA,Season20152016
530641,NA,NA,other,NA,Season20152016
530643,NA,NA,other,NA,Season20152016
530645,NA,NA,other,NA,Season20152016
530649,NA,NA,other,NA,Season20152016
530669,NA,NA,other,NA,Season20152016
530671,NA,NA,other,NA,Season20152016
530673,NA,NA,other,NA,Season20152016
530675,NA,NA,other,NA,Season20152016
530693,NA,NA,other,NA,Season20152016
530702,NA,NA,other,NA,Season20152016
530704,NA,NA,other,NA,Season20152016
530706,NA,NA,other,NA,Season20152016
531129,NA,NA,other,NA,Season20152016
531130,NA,NA,other,NA,Season20152016
531131,NA,NA,other,NA,Season20152016
531132,NA,NA,other,NA,Season20152016
531133,NA,NA,other,NA,Season20152016
531180,NA,NA,other,NA,Season20152016
531181,NA,NA,other,NA,Season20152016
531182,NA,NA,other,NA,Season20152016
531703,NA,NA,other,NA,Season20152016
531706,NA,NA,other,NA,Season20152016
531709,NA,NA,other,NA,Season20152016
531710,NA,NA,other,NA,Season20152016
531722,NA,NA,other,NA,Season20152016
531726,NA,NA,other,NA,Season20152016
531738,NA,NA,other,NA,Season20152016
531741,NA,NA,other,NA,Season20152016
531744,NA,NA,other,NA,Season20152016
531748,NA,NA,other,NA,Season20152016
531751,NA,NA,other,NA,Season20152016
531754,NA,NA,other,NA,Season20152016
531760,NA,NA,other,NA,Season20152016
531938,NA,NA,other,NA,Season20152016
531942,NA,NA,other,NA,Season20152016
531944,NA,NA,other,NA,Season20152016
532090,NA,NA,other,NA,Season20152016
532098,NA,NA,other,NA,Season20152016
532127,NA,NA,other,NA,Season20152016
532128,NA,NA,other,NA,Season20152016
532129,NA,NA,other,NA,Season20152016
532131,NA,NA,other,NA,Season20152016
532132,NA,NA,other,NA,Season20152016
532133,NA,NA,other,NA,Season20152016
532135,NA,NA,other,NA,Season20152016
532138,NA,NA,other,NA,Season20152016
532148,NA,NA,other,NA,Season20152016
532176,NA,NA,other,NA,Season20152016
532177,NA,NA,other,NA,Season20152016
532181,NA,NA,other,NA,Season20152016
532623,NA,NA,other,NA,Season20152016
532624,NA,NA,other,NA,Season20152016
532806,NA,NA,other,NA,Season20152016
532808,NA,NA,other,NA,Season20152016
532810,NA,NA,other,NA,Season20152016
532812,NA,NA,other,NA,Season20152016
532816,NA,NA,other,NA,Season20152016
532818,NA,NA,other,NA,Season20152016
532820,NA,NA,other,NA,Season20152016
532822,NA,NA,other,NA,Season20152016
532824,NA,NA,other,NA,Season20152016
532826,NA,NA,other,NA,Season20152016
532828,NA,NA,other,NA,Season20152016
532832,NA,NA,other,NA,Season20152016
532834,NA,NA,other,NA,Season20152016
532836,NA,NA,other,NA,Season20152016
532838,NA,NA,other,NA,Season20152016
532840,NA,NA,other,NA,Season20152016
532842,NA,NA,other,NA,Season20152016
532846,NA,NA,other,NA,Season20152016
532860,NA,NA,other,NA,Season20152016
532862,NA,NA,other,NA,Season20152016
532864,NA,NA,other,NA,Season20152016
532866,NA,NA,other,NA,Season20152016
532868,NA,NA,other,NA,Season20152016
532874,NA,NA,other,NA,Season20152016
532876,NA,NA,other,NA,Season20152016
532878,NA,NA,other,NA,Season20152016
532880,NA,NA,other,NA,Season20152016
532882,NA,NA,other,NA,Season20152016
532886,NA,NA,other,NA,Season20152016
532887,NA,NA,other,NA,Season20152016
532889,NA,NA,other,NA,Season20152016
532890,NA,NA,other,NA,Season20152016
532891,NA,NA,other,NA,Season20152016
532892,NA,NA,other,NA,Season20152016
532893,NA,NA,other,NA,Season20152016
532894,NA,NA,other,NA,Season20152016
533290,NA,NA,other,NA,Season20152016
533312,NA,NA,other,NA,Season20152016
533315,NA,NA,other,NA,Season20152016
533318,NA,NA,other,NA,Season20152016
533321,NA,NA,other,NA,Season20152016
533324,NA,NA,other,NA,Season20152016
533327,NA,NA,other,NA,Season20152016
533330,NA,NA,other,NA,Season20152016
533333,NA,NA,other,NA,Season20152016
533338,NA,NA,other,NA,Season20152016
533341,NA,NA,other,NA,Season20152016
533473,NA,NA,other,NA,Season20152016
533476,NA,NA,other,NA,Season20152016
533487,NA,NA,other,NA,Season20152016
533496,NA,NA,other,NA,Season20152016
533499,NA,NA,other,NA,Season20152016
533502,NA,NA,other,NA,Season20152016
533597,NA,NA,other,NA,Season20152016
533607,NA,NA,other,NA,Season20152016
533609,NA,NA,other,NA,Season20152016
533611,NA,NA,other,NA,Season20152016
533613,NA,NA,other,NA,Season20152016
533629,NA,NA,other,NA,Season20152016
533630,NA,NA,other,NA,Season20152016
533657,NA,NA,other,NA,Season20152016
533660,NA,NA,other,NA,Season20152016
533663,NA,NA,other,NA,Season20152016
533665,NA,NA,other,NA,Season20152016
533668,NA,NA,other,NA,Season20152016
533671,NA,NA,other,NA,Season20152016
533672,NA,NA,other,NA,Season20152016
533673,NA,NA,other,NA,Season20152016
533674,NA,NA,other,NA,Season20152016
533675,NA,NA,other,NA,Season20152016
533682,NA,NA,other,NA,Season20152016
533685,NA,NA,other,NA,Season20152016
533688,NA,NA,other,NA,Season20152016
533691,NA,NA,other,NA,Season20152016
533694,NA,NA,other,NA,Season20152016
533697,NA,NA,other,NA,Season20152016
533700,NA,NA,other,NA,Season20152016
533702,NA,NA,other,NA,Season20152016
534088,NA,NA,other,NA,Season20152016
534090,NA,NA,other,NA,Season20152016
534613,NA,NA,other,NA,Season20152016
534614,NA,NA,other,NA,Season20152016
534615,NA,NA,other,NA,Season20152016
534616,NA,NA,other,NA,Season20152016
534617,NA,NA,other,NA,Season20152016
534618,NA,NA,other,NA,Season20152016
534619,NA,NA,other,NA,Season20152016
535204,NA,NA,other,NA,Season20152016
535466,NA,NA,other,NA,Season20152016
535716,NA,NA,other,NA,Season20152016
535718,NA,NA,other,NA,Season20152016
535720,NA,NA,other,NA,Season20152016
535765,NA,NA,other,NA,Season20152016
536200,NA,NA,other,NA,Season20152016
536201,NA,NA,other,NA,Season20152016
536202,NA,NA,other,NA,Season20152016
536203,NA,NA,other,NA,Season20152016
536204,NA,NA,other,NA,Season20152016
536205,NA,NA,other,NA,Season20152016
536206,NA,NA,other,NA,Season20152016
536207,NA,NA,other,NA,Season20152016
536208,NA,NA,other,NA,Season20152016
536303,NA,NA,other,NA,Season20152016
536305,NA,NA,other,NA,Season20152016
536307,NA,NA,other,NA,Season20152016
536311,NA,NA,other,NA,Season20152016
536316,NA,NA,other,NA,Season20152016
536318,NA,NA,other,NA,Season20152016
536358,NA,NA,other,NA,Season20152016
536360,NA,NA,other,NA,Season20152016
536368,NA,NA,other,NA,Season20152016
536370,NA,NA,other,NA,Season20152016
536374,NA,NA,other,NA,Season20152016
536378,NA,NA,other,NA,Season20152016
536410,NA,NA,other,NA,Season20152016
536412,NA,NA,other,NA,Season20152016
536414,NA,NA,other,NA,Season20152016
536416,NA,NA,other,NA,Season20152016
536418,NA,NA,other,NA,Season20152016
537057,NA,NA,other,NA,Season20152016
537060,NA,NA,other,NA,Season20152016
537062,NA,NA,other,NA,Season20152016
537064,NA,NA,other,NA,Season20152016
537066,NA,NA,other,NA,Season20152016
537068,NA,NA,other,NA,Season20152016
537070,NA,NA,other,NA,Season20152016
537071,NA,NA,other,NA,Season20152016
537085,NA,NA,other,NA,Season20152016
537089,NA,NA,other,NA,Season20152016
537091,NA,NA,other,NA,Season20152016
537092,NA,NA,other,NA,Season20152016
537094,NA,NA,other,NA,Season20152016
537096,NA,NA,other,NA,Season20152016
537098,NA,NA,other,NA,Season20152016
537101,NA,NA,other,NA,Season20152016
537103,NA,NA,other,NA,Season20152016
537107,NA,NA,other,NA,Season20152016
537111,NA,NA,other,NA,Season20152016
537114,NA,NA,other,NA,Season20152016
537423,NA,NA,other,NA,Season20152016
537486,NA,NA,other,NA,Season20152016
537487,NA,NA,other,NA,Season20152016
537488,NA,NA,other,NA,Season20152016
537489,NA,NA,other,NA,Season20152016
537490,NA,NA,other,NA,Season20152016
537491,NA,NA,other,NA,Season20152016
537492,NA,NA,other,NA,Season20152016
537493,NA,NA,other,NA,Season20152016
537540,NA,NA,other,NA,Season20152016
537541,NA,NA,other,NA,Season20152016
537593,NA,NA,other,NA,Season20152016
537596,NA,NA,other,NA,Season20152016
537690,NA,NA,other,NA,Season20152016
537691,NA,NA,other,NA,Season20152016
537692,NA,NA,other,NA,Season20152016
537693,NA,NA,other,NA,Season20152016
537694,NA,NA,other,NA,Season20152016
537695,NA,NA,other,NA,Season20152016
537696,NA,NA,other,NA,Season20152016
537697,NA,NA,other,NA,Season20152016
537704,NA,NA,other,NA,Season20152016
537710,NA,NA,other,NA,Season20152016
537720,NA,NA,other,NA,Season20152016
537726,NA,NA,other,NA,Season20152016
537727,NA,NA,other,NA,Season20152016
537729,NA,NA,other,NA,Season20152016
537738,NA,NA,other,NA,Season20152016
537740,NA,NA,other,NA,Season20152016
537741,NA,NA,other,NA,Season20152016
537742,NA,NA,other,NA,Season20152016
537743,NA,NA,other,NA,Season20152016
537744,NA,NA,other,NA,Season20152016
537760,NA,NA,other,NA,Season20152016
537761,NA,NA,other,NA,Season20152016
537762,NA,NA,other,NA,Season20152016
537763,NA,NA,other,NA,Season20152016
537842,NA,NA,other,NA,Season20152016
537853,NA,NA,other,NA,Season20152016
537872,NA,NA,other,NA,Season20152016
537875,NA,NA,other,NA,Season20152016
537876,NA,NA,other,NA,Season20152016
537877,NA,NA,other,NA,Season20152016
537879,NA,NA,other,NA,Season20152016
537880,NA,NA,other,NA,Season20152016
537882,NA,NA,other,NA,Season20152016
537884,NA,NA,other,NA,Season20152016
537885,NA,NA,other,NA,Season20152016
537888,NA,NA,other,NA,Season20152016
537889,NA,NA,other,NA,Season20152016
537892,NA,NA,other,NA,Season20152016
537894,NA,NA,other,NA,Season20152016
537895,NA,NA,other,NA,Season20152016
537902,NA,NA,other,NA,Season20152016
537908,NA,NA,other,NA,Season20152016
537912,NA,NA,other,NA,Season20152016
537913,NA,NA,other,NA,Season20152016
537975,NA,NA,other,NA,Season20152016
537990,NA,NA,other,NA,Season20152016
537992,NA,NA,other,NA,Season20152016
537993,NA,NA,other,NA,Season20152016
537994,NA,NA,other,NA,Season20152016
537997,NA,NA,other,NA,Season20152016
537998,NA,NA,other,NA,Season20152016
537999,NA,NA,other,NA,Season20152016
538007,NA,NA,other,NA,Season20152016
538017,NA,NA,other,NA,Season20152016
538019,NA,NA,other,NA,Season20152016
538020,NA,NA,other,NA,Season20152016
538023,NA,NA,other,NA,Season20152016
538026,NA,NA,other,NA,Season20152016
538027,NA,NA,other,NA,Season20152016
538223,NA,NA,other,NA,Season20152016
538233,NA,NA,other,NA,Season20152016
538473,NA,NA,other,NA,Season20152016
538476,NA,NA,other,NA,Season20152016
538480,NA,NA,other,NA,Season20152016
538481,NA,NA,other,NA,Season20152016
538486,NA,NA,other,NA,Season20152016
538489,NA,NA,other,NA,Season20152016
538491,NA,NA,other,NA,Season20152016
538495,NA,NA,other,NA,Season20152016
538496,NA,NA,other,NA,Season20152016
538497,NA,NA,other,NA,Season20152016
538498,NA,NA,other,NA,Season20152016
538499,NA,NA,other,NA,Season20152016
538500,NA,NA,other,NA,Season20152016
538501,NA,NA,other,NA,Season20152016
538503,NA,NA,other,NA,Season20152016
538504,NA,NA,other,NA,Season20152016
538508,NA,NA,other,NA,Season20152016
538509,NA,NA,other,NA,Season20152016
538511,NA,NA,other,NA,Season20152016
538513,NA,NA,other,NA,Season20152016
538514,NA,NA,other,NA,Season20152016
538515,NA,NA,other,NA,Season20152016
538516,NA,NA,other,NA,Season20152016
538517,NA,NA,other,NA,Season20152016
538518,NA,NA,other,NA,Season20152016
538520,NA,NA,other,NA,Season20152016
538522,NA,NA,other,NA,Season20152016
538530,NA,NA,other,NA,Season20152016
538534,NA,NA,other,NA,Season20152016
538536,NA,NA,other,NA,Season20152016
538538,NA,NA,other,NA,Season20152016
538541,NA,NA,other,NA,Season20152016
538544,NA,NA,other,NA,Season20152016
538547,NA,NA,other,NA,Season20152016
538549,NA,NA,other,NA,Season20152016
538551,NA,NA,other,NA,Season20152016
539166,NA,NA,other,NA,Season20152016
539186,NA,NA,other,NA,Season20152016
539187,NA,NA,other,NA,Season20152016
539193,NA,NA,other,NA,Season20152016
539196,NA,NA,other,NA,Season20152016
539197,NA,NA,other,NA,Season20152016
539199,NA,NA,other,NA,Season20152016
539202,NA,NA,other,NA,Season20152016
539207,NA,NA,other,NA,Season20152016
539371,NA,NA,other,NA,Season20152016
539399,NA,NA,other,NA,Season20152016
539400,NA,NA,other,NA,Season20152016
539401,NA,NA,other,NA,Season20152016
539402,NA,NA,other,NA,Season20152016
539403,NA,NA,other,NA,Season20152016
539404,NA,NA,other,NA,Season20152016
539405,NA,NA,other,NA,Season20152016
539406,NA,NA,other,NA,Season20152016
539407,NA,NA,other,NA,Season20152016
539408,NA,NA,other,NA,Season20152016
539546,NA,NA,other,NA,Season20152016
539578,NA,NA,other,NA,Season20152016
539582,NA,NA,other,NA,Season20152016
539584,NA,NA,other,NA,Season20152016
539586,NA,NA,other,NA,Season20152016
539588,NA,NA,other,NA,Season20152016
539590,NA,NA,other,NA,Season20152016
539613,NA,NA,other,NA,Season20152016
539617,NA,NA,other,NA,Season20152016
539623,NA,NA,other,NA,Season20152016
539637,NA,NA,other,NA,Season20152016
539639,NA,NA,other,NA,Season20152016
539643,NA,NA,other,NA,Season20152016
539645,NA,NA,other,NA,Season20152016
539772,NA,NA,other,NA,Season20152016
539802,NA,NA,other,NA,Season20152016
539804,NA,NA,other,NA,Season20152016
539822,NA,NA,other,NA,Season20152016
539838,NA,NA,other,NA,Season20152016
539840,NA,NA,other,NA,Season20152016
539842,NA,NA,other,NA,Season20152016
539844,NA,NA,other,NA,Season20152016
539846,NA,NA,other,NA,Season20152016
539848,NA,NA,other,NA,Season20152016
539850,NA,NA,other,NA,Season20152016
539852,NA,NA,other,NA,Season20152016
539874,NA,NA,other,NA,Season20152016
539992,NA,NA,other,NA,Season20152016
540007,NA,NA,other,NA,Season20152016
540021,NA,NA,other,NA,Season20152016
540022,NA,NA,other,NA,Season20152016
540024,NA,NA,other,NA,Season20152016
540026,NA,NA,other,NA,Season20152016
540030,NA,NA,other,NA,Season20152016
540032,NA,NA,other,NA,Season20152016
540034,NA,NA,other,NA,Season20152016
540036,NA,NA,other,NA,Season20152016
540037,NA,NA,other,NA,Season20152016
540038,NA,NA,other,NA,Season20152016
540040,NA,NA,other,NA,Season20152016
540041,NA,NA,other,NA,Season20152016
540042,NA,NA,other,NA,Season20152016
540043,NA,NA,other,NA,Season20152016
540044,NA,NA,other,NA,Season20152016
540045,NA,NA,other,NA,Season20152016
540046,NA,NA,other,NA,Season20152016
540047,NA,NA,other,NA,Season20152016
540048,NA,NA,other,NA,Season20152016
540055,NA,NA,other,NA,Season20152016
540057,NA,NA,other,NA,Season20152016
540058,NA,NA,other,NA,Season20152016
540060,NA,NA,other,NA,Season20152016
540070,NA,NA,other,NA,Season20152016
540513,NA,NA,other,NA,Season20152016
540516,NA,NA,other,NA,Season20152016
540693,NA,NA,other,NA,Season20152016
540699,NA,NA,other,NA,Season20152016
540799,NA,NA,other,NA,Season20152016
540805,NA,NA,other,NA,Season20152016
540810,NA,NA,other,NA,Season20152016
540816,NA,NA,other,NA,Season20152016
540821,NA,NA,other,NA,Season20152016
540824,NA,NA,other,NA,Season20152016
540825,NA,NA,other,NA,Season20152016
540826,NA,NA,other,NA,Season20152016
540828,NA,NA,other,NA,Season20152016
540829,NA,NA,other,NA,Season20152016
540836,NA,NA,other,NA,Season20152016
540837,NA,NA,other,NA,Season20152016
540838,NA,NA,other,NA,Season20152016
540846,NA,NA,other,NA,Season20152016
540847,NA,NA,other,NA,Season20152016
540850,NA,NA,other,NA,Season20152016
540852,NA,NA,other,NA,Season20152016
540853,NA,NA,other,NA,Season20152016
540854,NA,NA,other,NA,Season20152016
540856,NA,NA,other,NA,Season20152016
540857,NA,NA,other,NA,Season20152016
540860,NA,NA,other,NA,Season20152016
540862,NA,NA,other,NA,Season20152016
540863,NA,NA,other,NA,Season20152016
540864,NA,NA,other,NA,Season20152016
540865,NA,NA,other,NA,Season20152016
540866,NA,NA,other,NA,Season20152016
540867,NA,NA,other,NA,Season20152016
540868,NA,NA,other,NA,Season20152016
540870,NA,NA,other,NA,Season20152016
540874,NA,NA,other,NA,Season20152016
540875,NA,NA,other,NA,Season20152016
540877,NA,NA,other,NA,Season20152016
540878,NA,NA,other,NA,Season20152016
540879,NA,NA,other,NA,Season20152016
540880,NA,NA,other,NA,Season20152016
540881,NA,NA,other,NA,Season20152016
540886,NA,NA,other,NA,Season20152016
541079,NA,NA,other,NA,Season20152016
541080,NA,NA,other,NA,Season20152016
541081,NA,NA,other,NA,Season20152016
541084,NA,NA,other,NA,Season20152016
541140,NA,NA,other,NA,Season20152016
541143,NA,NA,other,NA,Season20152016
541146,NA,NA,other,NA,Season20152016
541148,NA,NA,other,NA,Season20152016
541157,NA,NA,other,NA,Season20152016
541169,NA,NA,other,NA,Season20152016
541175,NA,NA,other,NA,Season20152016
541343,NA,NA,other,NA,Season20152016
541406,NA,NA,other,NA,Season20152016
541408,NA,NA,other,NA,Season20152016
541410,NA,NA,other,NA,Season20152016
541454,NA,NA,other,NA,Season20152016
541566,NA,NA,other,NA,Season20152016
541577,NA,NA,other,NA,Season20152016
541579,NA,NA,other,NA,Season20152016
541582,NA,NA,other,NA,Season20152016
541583,NA,NA,other,NA,Season20152016
541585,NA,NA,other,NA,Season20152016
541588,NA,NA,other,NA,Season20152016
541591,NA,NA,other,NA,Season20152016
541601,NA,NA,other,NA,Season20152016
541604,NA,NA,other,NA,Season20152016
541606,NA,NA,other,NA,Season20152016
541612,NA,NA,other,NA,Season20152016
541615,NA,NA,other,NA,Season20152016
541618,NA,NA,other,NA,Season20152016
541621,NA,NA,other,NA,Season20152016
541622,NA,NA,other,NA,Season20152016
541627,NA,NA,other,NA,Season20152016
541628,NA,NA,other,NA,Season20152016
541980,NA,NA,other,NA,Season20152016
541981,NA,NA,other,NA,Season20152016
543082,NA,NA,other,NA,Season20152016
543086,NA,NA,other,NA,Season20152016
543088,NA,NA,other,NA,Season20152016
543116,NA,NA,other,NA,Season20152016
543118,NA,NA,other,NA,Season20152016
543120,NA,NA,other,NA,Season20152016
543124,NA,NA,other,NA,Season20152016
543126,NA,NA,other,NA,Season20152016
543128,NA,NA,other,NA,Season20152016
543130,NA,NA,other,NA,Season20152016
543136,NA,NA,other,NA,Season20152016
543138,NA,NA,other,NA,Season20152016
543142,NA,NA,other,NA,Season20152016
543144,NA,NA,other,NA,Season20152016
543237,NA,NA,other,NA,Season20152016
543523,NA,NA,other,NA,Season20152016
543531,NA,NA,other,NA,Season20152016
543543,NA,NA,other,NA,Season20152016
543551,NA,NA,other,NA,Season20152016
543558,NA,NA,other,NA,Season20152016
543663,NA,NA,other,NA,Season20152016
543672,NA,NA,other,NA,Season20152016
543675,NA,NA,other,NA,Season20152016
543678,NA,NA,other,NA,Season20152016
543690,NA,NA,other,NA,Season20152016
543693,NA,NA,other,NA,Season20152016
543696,NA,NA,other,NA,Season20152016
543699,NA,NA,other,NA,Season20152016
543711,NA,NA,other,NA,Season20152016
543714,NA,NA,other,NA,Season20152016
543720,NA,NA,other,NA,Season20152016
543723,NA,NA,other,NA,Season20152016
544071,NA,NA,other,NA,Season20152016
544413,NA,NA,other,NA,Season20152016
544453,NA,NA,other,NA,Season20152016
544530,NA,NA,other,NA,Season20152016
545223,NA,NA,other,NA,Season20152016
545225,NA,NA,other,NA,Season20152016
545228,NA,NA,other,NA,Season20152016
545231,NA,NA,other,NA,Season20152016
545233,NA,NA,other,NA,Season20152016
545255,NA,NA,other,NA,Season20152016
545258,NA,NA,other,NA,Season20152016
545350,NA,NA,other,NA,Season20152016
545572,NA,NA,other,NA,Season20152016
545597,NA,NA,other,NA,Season20152016
545604,NA,NA,other,NA,Season20152016
545612,NA,NA,other,NA,Season20152016
545710,NA,NA,other,NA,Season20152016
547505,NA,NA,other,NA,Season20152016
547516,NA,NA,other,NA,Season20152016
547534,NA,NA,other,NA,Season20152016
547536,NA,NA,other,NA,Season20152016
547540,NA,NA,other,NA,Season20152016
547550,NA,NA,other,NA,Season20152016
547564,NA,NA,other,NA,Season20152016
547582,NA,NA,other,NA,Season20152016
547584,NA,NA,other,NA,Season20152016
547586,NA,NA,other,NA,Season20152016
547590,NA,NA,other,NA,Season20152016
547592,NA,NA,other,NA,Season20152016
547594,NA,NA,other,NA,Season20152016
547711,NA,NA,other,NA,Season20152016
547719,NA,NA,other,NA,Season20152016
547735,NA,NA,other,NA,Season20152016
547743,NA,NA,other,NA,Season20152016
547751,NA,NA,other,NA,Season20152016
547766,NA,NA,other,NA,Season20152016
547829,NA,NA,other,NA,Season20152016
547869,NA,NA,other,NA,Season20152016
547893,NA,NA,other,NA,Season20152016
547901,NA,NA,other,NA,Season20152016
547925,NA,NA,other,NA,Season20152016
547933,NA,NA,other,NA,Season20152016
547941,NA,NA,other,NA,Season20152016
547985,NA,NA,other,NA,Season20152016
548001,NA,NA,other,NA,Season20152016
548017,NA,NA,other,NA,Season20152016
548892,NA,NA,other,NA,Season20152016
548916,NA,NA,other,NA,Season20152016
548942,NA,NA,other,NA,Season20152016
548958,NA,NA,other,NA,Season20152016
548998,NA,NA,other,NA,Season20152016
549014,NA,NA,other,NA,Season20152016
549030,NA,NA,other,NA,Season20152016
549069,NA,NA,other,NA,Season20152016
549116,NA,NA,other,NA,Season20152016
549124,NA,NA,other,NA,Season20152016
549132,NA,NA,other,NA,Season20152016
549140,NA,NA,other,NA,Season20152016
549502,NA,NA,other,NA,Season20152016
549505,NA,NA,other,NA,Season20152016
549508,NA,NA,other,NA,Season20152016
549512,NA,NA,other,NA,Season20152016
549528,NA,NA,other,NA,Season20152016
549532,NA,NA,other,NA,Season20152016
551059,NA,NA,other,NA,Season20152016
551095,NA,NA,other,NA,Season20152016
551176,NA,NA,other,NA,Season20152016
551513,NA,NA,other,NA,Season20152016
551603,NA,NA,other,NA,Season20152016
551630,NA,NA,other,NA,Season20152016
551663,NA,NA,other,NA,Season20152016
551669,NA,NA,other,NA,Season20152016
551781,NA,NA,other,NA,Season20152016
551792,NA,NA,other,NA,Season20152016
551846,NA,NA,other,NA,Season20152016
551856,NA,NA,other,NA,Season20152016
551858,NA,NA,other,NA,Season20152016
551862,NA,NA,other,NA,Season20152016
551888,NA,NA,other,NA,Season20152016
551896,NA,NA,other,NA,Season20152016
552535,NA,NA,other,NA,Season20152016
553194,NA,NA,other,NA,Season20152016
553195,NA,NA,other,NA,Season20152016
553196,NA,NA,other,NA,Season20152016
553536,NA,NA,other,NA,Season20152016
553552,NA,NA,other,NA,Season20152016
553567,NA,NA,other,NA,Season20152016
553575,NA,NA,other,NA,Season20152016
553730,NA,NA,other,NA,Season20152016
553794,NA,NA,other,NA,Season20152016
553866,NA,NA,other,NA,Season20152016
553999,NA,NA,other,NA,Season20152016
554001,NA,NA,other,NA,Season20152016
554003,NA,NA,other,NA,Season20152016
554883,NA,NA,other,NA,Season20152016
554892,NA,NA,other,NA,Season20152016
554913,NA,NA,other,NA,Season20152016
554919,NA,NA,other,NA,Season20152016
554934,NA,NA,other,NA,Season20152016
555053,NA,NA,other,NA,Season20152016
555054,NA,NA,other,NA,Season20152016
555056,NA,NA,other,NA,Season20152016
555057,NA,NA,other,NA,Season20152016
555058,NA,NA,other,NA,Season20152016
555059,NA,NA,other,NA,Season20152016
555060,NA,NA,other,NA,Season20152016
555061,NA,NA,other,NA,Season20152016
555063,NA,NA,other,NA,Season20152016
555064,NA,NA,other,NA,Season20152016
555065,NA,NA,other,NA,Season20152016
555066,NA,NA,other,NA,Season20152016
555067,NA,NA,other,NA,Season20152016
555070,NA,NA,other,NA,Season20152016
555131,NA,NA,other,NA,Season20152016
555132,NA,NA,other,NA,Season20152016
555133,NA,NA,other,NA,Season20152016
555134,NA,NA,other,NA,Season20152016
555135,NA,NA,other,NA,Season20152016
555136,NA,NA,other,NA,Season20152016
555137,NA,NA,other,NA,Season20152016
555138,NA,NA,other,NA,Season20152016
559438,NA,NA,other,NA,Season20152016
560471,NA,NA,other,NA,Season20152016
560628,NA,NA,other,NA,Season20152016
560644,NA,NA,other,NA,Season20152016
560664,NA,NA,other,NA,Season20152016
560715,NA,NA,other,NA,Season20152016
560783,NA,NA,other,NA,Season20152016
562006,NA,NA,other,NA,Season20152016
562037,NA,NA,other,NA,Season20152016
562049,NA,NA,other,NA,Season20152016
562051,NA,NA,other,NA,Season20152016
562053,NA,NA,other,NA,Season20152016
562055,NA,NA,other,NA,Season20152016
562154,NA,NA,other,NA,Season20152016
562156,NA,NA,other,NA,Season20152016
562158,NA,NA,other,NA,Season20152016
562160,NA,NA,other,NA,Season20152016
562376,NA,NA,other,NA,Season20152016
564885,NA,NA,other,NA,Season20152016
565393,NA,NA,other,NA,Season20152016
566194,NA,NA,other,NA,Season20152016
566924,NA,NA,other,NA,Season20152016
567267,NA,NA,other,NA,Season20152016
567276,NA,NA,other,NA,Season20152016
568090,NA,NA,other,NA,Season20152016
574627,NA,NA,other,NA,Season20152016
576366,NA,NA,other,NA,Season20152016
576367,NA,NA,other,NA,Season20152016
576368,NA,NA,other,NA,Season20152016
576369,NA,NA,other,NA,Season20152016
576371,NA,NA,other,NA,Season20152016
576372,NA,NA,other,NA,Season20152016
576373,NA,NA,other,NA,Season20152016
576374,NA,NA,other,NA,Season20152016
576375,NA,NA,other,NA,Season20152016
576376,NA,NA,other,NA,Season20152016
576377,NA,NA,other,NA,Season20152016
576378,NA,NA,other,NA,Season20152016
578858,NA,NA,other,NA,Season20152016
580481,NA,NA,other,NA,Season20152016
580489,NA,NA,other,NA,Season20152016
580497,NA,NA,other,NA,Season20152016
580505,NA,NA,other,NA,Season20152016
584677,NA,NA,other,NA,Season20152016
584691,NA,NA,other,NA,Season20152016
589781,NA,NA,other,NA,Season20152016
589783,NA,NA,other,NA,Season20152016
589785,NA,NA,other,NA,Season20152016
614451,NA,NA,other,NA,Season20152016
622058,NA,NA,other,NA,Season20152016
629897,NA,NA,other,NA,Season20152016
629946,NA,NA,other,NA,Season20152016
629948,NA,NA,other,NA,Season20152016
629950,NA,NA,other,NA,Season20152016
629955,NA,NA,other,NA,Season20152016
629957,NA,NA,other,NA,Season20152016
629959,NA,NA,other,NA,Season20152016
629961,NA,NA,other,NA,Season20152016
629963,NA,NA,other,NA,Season20152016
629965,NA,NA,other,NA,Season20152016
629969,NA,NA,other,NA,Season20152016
629971,NA,NA,other,NA,Season20152016
629973,NA,NA,other,NA,Season20152016
629993,NA,NA,other,NA,Season20152016
630002,NA,NA,other,NA,Season20152016
672437,NA,NA,other,NA,Season20152016
672443,NA,NA,other,NA,Season20152016
673027,NA,NA,other,NA,Season20152016
675732,NA,NA,other,NA,Season20152016
675737,NA,NA,other,NA,Season20152016
675741,NA,NA,other,NA,Season20152016
746416,NA,NA,other,NA,Season20152016
748134,NA,NA,other,NA,Season20152016
748136,NA,NA,other,NA,Season20152016
748146,NA,NA,other,NA,Season20152016
748168,NA,NA,other,NA,Season20152016
752918,NA,NA,other,NA,Season20152016
759209,NA,NA,other,NA,Season20152016
769464,NA,NA,other,NA,Season20152016
769559,NA,NA,other,NA,Season20152016
770020,NA,NA,other,NA,Season20152016
770031,NA,NA,other,NA,Season20152016
841441,NA,NA,other,NA,Season20152016
943329,NA,NA,other,NA,Season20152016
